DateOccured,TMAX  ,TMIN  
2008-01-01,-17,-106
2008-01-02,-50,-133
2008-01-03,11,-117
2008-01-04,72,-22
2008-01-05,144,61
2008-01-06,228,133
2008-01-07,228,117
2008-01-08,189,28
2008-01-09,72,0
2008-01-10,78,6
2008-01-11,67,-17
2008-01-12,122,-17
2008-01-13,17,-22
2008-01-14,22,-61
2008-01-15,22,-89
2008-01-16,78,-39
2008-01-17,39,-56
2008-01-18,61,-89
2008-01-19,-72,-139
2008-01-20,-56,-150
2008-01-21,44,-89
2008-01-22,11,-72
2008-01-23,39,-94
2008-01-24,-61,-144
2008-01-25,-17,-128
2008-01-26,122,-17
2008-01-27,150,-33
2008-01-28,133,0
2008-01-29,228,-94
2008-01-30,-11,-117
2008-01-31,-11,-50
2008-02-01,-6,-67
2008-02-02,89,-56
2008-02-03,44,-67
2008-02-04,239,22
2008-02-05,200,17
2008-02-06,28,6
2008-02-07,39,-6
2008-02-08,100,-6
2008-02-09,139,-6
2008-02-10,-6,-100
2008-02-11,-67,-111
2008-02-12,-50,-89
2008-02-13,6,-117
2008-02-14,122,-39
2008-02-15,50,-39
2008-02-16,28,-56
2008-02-17,133,22
2008-02-18,28,-72
2008-02-19,0,-106
2008-02-20,0,-94
2008-02-21,-39,-83
2008-02-22,-28,-50
2008-02-23,33,-33
2008-02-24,39,-11
2008-02-25,50,17
2008-02-26,22,-28
2008-02-27,28,-39
2008-02-28,39,-67
2008-02-29,111,-6
2008-03-01,172,0
2008-03-02,256,56
2008-03-03,189,-22
2008-03-04,11,-83
2008-03-05,67,-111
2008-03-06,22,-22
2008-03-07,6,-50
2008-03-08,11,-94
2008-03-09,100,-33
2008-03-10,67,-17
2008-03-11,150,-28
2008-03-12,217,22
2008-03-13,156,61
2008-03-14,156,78
2008-03-15,111,39
2008-03-16,89,17
2008-03-17,106,50
2008-03-18,139,67
2008-03-19,83,33
2008-03-20,161,17
2008-03-21,211,78
2008-03-22,78,0
2008-03-23,50,-11
2008-03-24,89,-28
2008-03-25,178,50
2008-03-26,167,56
2008-03-27,172,33
2008-03-28,89,17
2008-03-29,106,0
2008-03-30,167,72
2008-03-31,189,106
2008-04-01,106,33
2008-04-02,128,6
2008-04-03,111,56
2008-04-04,100,39
2008-04-05,161,17
2008-04-06,194,50
2008-04-07,194,89
2008-04-08,206,72
2008-04-09,139,44
2008-04-10,217,106
2008-04-11,167,67
2008-04-12,67,28
2008-04-13,61,22
2008-04-14,111,17
2008-04-15,172,11
2008-04-16,233,89
2008-04-17,256,150
2008-04-18,183,89
2008-04-19,144,83
2008-04-20,222,106
2008-04-21,256,106
2008-04-22,261,150
2008-04-23,272,150
2008-04-24,228,183
2008-04-25,267,89
2008-04-26,178,61
2008-04-27,144,67
2008-04-28,117,33
2008-04-29,144,17
2008-04-30,267,78
2008-05-01,228,183
2008-05-02,250,150
2008-05-03,167,83
2008-05-04,217,56
2008-05-05,256,89
2008-05-06,256,122
2008-05-07,222,161
2008-05-08,161,128
2008-05-09,156,106
2008-05-10,194,78
2008-05-11,172,78
2008-05-12,206,44
2008-05-13,217,111
2008-05-14,200,128
2008-05-15,150,94
2008-05-16,222,67
2008-05-17,278,156
2008-05-18,228,128
2008-05-19,239,117
2008-05-20,200,117
2008-05-21,233,100
2008-05-22,178,128
2008-05-23,233,133
2008-05-24,200,144
2008-05-25,250,156
2008-05-26,272,183
2008-05-27,250,117
2008-05-28,222,106
2008-05-29,267,111
2008-05-30,317,200
2008-05-31,311,200
2008-06-01,311,183
2008-06-02,289,189
2008-06-03,311,217
2008-06-04,311,200
2008-06-05,322,233
2008-06-06,294,217
2008-06-07,333,250
2008-06-08,339,250
2008-06-09,289,200
2008-06-10,300,183
2008-06-11,306,211
2008-06-12,339,239
2008-06-13,267,194
2008-06-14,306,183
2008-06-15,328,200
2008-06-16,289,167
2008-06-17,272,139
2008-06-18,289,156
2008-06-19,300,189
2008-06-20,278,189
2008-06-21,306,189
2008-06-22,278,183
2008-06-23,289,172
2008-06-24,283,178
2008-06-25,339,228
2008-06-26,306,206
2008-06-27,317,222
2008-06-28,272,217
2008-06-29,244,194
2008-06-30,283,167
2008-07-01,300,183
2008-07-02,317,200
2008-07-03,272,189
2008-07-04,261,178
2008-07-05,278,167
2008-07-06,322,189
2008-07-07,344,261
2008-07-08,339,222
2008-07-09,306,222
2008-07-10,317,200
2008-07-11,339,244
2008-07-12,328,200
2008-07-13,306,172
2008-07-14,322,189
2008-07-15,328,211
2008-07-16,339,228
2008-07-17,339,222
2008-07-18,344,233
2008-07-19,344,244
2008-07-20,372,256
2008-07-21,367,222
2008-07-22,278,206
2008-07-23,283,206
2008-07-24,222,200
2008-07-25,289,200
2008-07-26,322,222
2008-07-27,328,206
2008-07-28,306,211
2008-07-29,356,239
2008-07-30,256,222
2008-07-31,300,217
2008-08-01,344,228
2008-08-02,311,239
2008-08-03,311,206
2008-08-04,367,244
2008-08-05,356,244
2008-08-06,317,222
2008-08-07,294,206
2008-08-08,283,189
2008-08-09,283,178
2008-08-10,283,194
2008-08-11,261,156
2008-08-12,283,183
2008-08-13,283,194
2008-08-14,283,194
2008-08-15,289,183
2008-08-16,278,167
2008-08-17,283,167
2008-08-18,289,167
2008-08-19,289,167
2008-08-20,294,200
2008-08-21,278,211
2008-08-22,306,222
2008-08-23,339,228
2008-08-24,283,200
2008-08-25,267,167
2008-08-26,283,194
2008-08-27,300,183
2008-08-28,322,211
2008-08-29,294,206
2008-08-30,300,183
2008-08-31,322,172
2008-09-01,344,217
2008-09-02,328,233
2008-09-03,261,206
2008-09-04,233,172
2008-09-05,178,139
2008-09-06,233,122
2008-09-07,250,167
2008-09-08,283,144
2008-09-09,217,133
2008-09-10,256,122
2008-09-11,283,183
2008-09-12,283,222
2008-09-13,311,256
2008-09-14,267,144
2008-09-15,172,144
2008-09-16,228,133
2008-09-17,267,128
2008-09-18,272,144
2008-09-19,283,167
2008-09-20,228,167
2008-09-21,250,172
2008-09-22,283,161
2008-09-23,300,150
2008-09-24,300,178
2008-09-25,289,167
2008-09-26,272,150
2008-09-27,272,133
2008-09-28,289,161
2008-09-29,233,156
2008-09-30,194,111
2008-10-01,194,100
2008-10-02,189,78
2008-10-03,233,94
2008-10-04,239,100
2008-10-05,272,122
2008-10-06,267,139
2008-10-07,211,144
2008-10-08,211,106
2008-10-09,244,100
2008-10-10,256,106
2008-10-11,283,144
2008-10-12,289,161
2008-10-13,239,206
2008-10-14,217,167
2008-10-15,256,111
2008-10-16,161,78
2008-10-17,172,56
2008-10-18,167,72
2008-10-19,189,56
2008-10-20,211,83
2008-10-21,167,83
2008-10-22,167,100
2008-10-23,122,78
2008-10-24,122,67
2008-10-25,161,50
2008-10-26,178,56
2008-10-27,83,22
2008-10-28,106,-17
2008-10-29,183,11
2008-10-30,228,33
2008-10-31,239,94
2008-11-01,233,94
2008-11-02,244,111
2008-11-03,250,117
2008-11-04,233,89
2008-11-05,239,133
2008-11-06,200,106
2008-11-07,111,50
2008-11-08,67,28
2008-11-09,50,-22
2008-11-10,56,-33
2008-11-11,100,39
2008-11-12,144,83
2008-11-13,172,56
2008-11-14,139,67
2008-11-15,67,22
2008-11-16,139,-11
2008-11-17,67,-17
2008-11-18,39,-39
2008-11-19,150,6
2008-11-20,33,-28
2008-11-21,0,-67
2008-11-22,33,-39
2008-11-23,111,-56
2008-11-24,117,44
2008-11-25,67,-22
2008-11-26,128,-33
2008-11-27,139,-11
2008-11-28,100,17
2008-11-29,78,22
2008-11-30,22,6
2008-12-01,11,-22
2008-12-02,89,-39
2008-12-03,94,-39
2008-12-04,6,-72
2008-12-05,0,-89
2008-12-06,72,-72
2008-12-07,0,-94
2008-12-08,117,0
2008-12-09,128,-6
2008-12-10,11,-39
2008-12-11,39,-56
2008-12-12,56,-6
2008-12-13,94,6
2008-12-14,161,-17
2008-12-15,-17,-106
2008-12-16,-56,-100
2008-12-17,-33,-61
2008-12-18,11,-50
2008-12-19,128,-11
2008-12-20,28,-89
2008-12-21,-89,-150
2008-12-22,-56,-156
2008-12-23,33,-56
2008-12-24,56,-56
2008-12-25,17,-89
2008-12-26,189,11
2008-12-27,200,6
2008-12-28,89,-11
2008-12-29,139,11
2008-12-30,189,-17
2008-12-31,-11,-67
2009-01-01,61,-56
2009-01-02,83,-11
2009-01-03,161,39
2009-01-04,144,-50
2009-01-05,-11,-72
2009-01-06,6,-28
2009-01-07,50,-11
2009-01-08,17,-61
2009-01-09,161,0
2009-01-10,117,-50
2009-01-11,56,-61
2009-01-12,61,-50
2009-01-13,22,-94
2009-01-14,44,-144
2009-01-15,-106,-178
2009-01-16,-89,-178
2009-01-17,72,-89
2009-01-18,33,6
2009-01-19,11,-78
2009-01-20,-11,-78
2009-01-21,89,-72
2009-01-22,144,-39
2009-01-23,67,-44
2009-01-24,-44,-122
2009-01-25,-78,-106
2009-01-26,-67,-94
2009-01-27,-72,-83
2009-01-28,-28,-111
2009-01-29,22,-61
2009-01-30,11,-67
2009-01-31,128,-83
2009-02-01,83,6
2009-02-02,44,-33
2009-02-03,-6,-133
2009-02-04,-39,-128
2009-02-05,72,-78
2009-02-06,189,-11
2009-02-07,211,122
2009-02-08,144,11
2009-02-09,217,44
2009-02-10,217,111
2009-02-11,139,39
2009-02-12,139,17
2009-02-13,106,39
2009-02-14,50,-33
2009-02-15,33,-44
2009-02-16,50,-67
2009-02-17,72,-6
2009-02-18,122,-11
2009-02-19,-6,-72
2009-02-20,67,-67
2009-02-21,83,-33
2009-02-22,17,-72
2009-02-23,33,-72
2009-02-24,94,-11
2009-02-25,211,17
2009-02-26,200,67
2009-02-27,67,-6
2009-02-28,0,-39
2009-03-01,6,-50
2009-03-02,0,-67
2009-03-03,22,-83
2009-03-04,150,-33
2009-03-05,206,67
2009-03-06,278,161
2009-03-07,250,172
2009-03-08,239,50
2009-03-09,133,28
2009-03-10,267,11
2009-03-11,28,-33
2009-03-12,17,-44
2009-03-13,89,-44
2009-03-14,139,-6
2009-03-15,161,39
2009-03-16,211,78
2009-03-17,261,100
2009-03-18,211,94
2009-03-19,144,50
2009-03-20,139,11
2009-03-21,156,61
2009-03-22,206,94
2009-03-23,239,133
2009-03-24,211,111
2009-03-25,156,56
2009-03-26,172,83
2009-03-27,133,56
2009-03-28,72,17
2009-03-29,100,6
2009-03-30,189,0
2009-03-31,167,72
2009-04-01,183,44
2009-04-02,167,56
2009-04-03,150,33
2009-04-04,189,33
2009-04-05,194,28
2009-04-06,61,17
2009-04-07,117,6
2009-04-08,172,22
2009-04-09,144,17
2009-04-10,106,61
2009-04-11,150,11
2009-04-12,122,33
2009-04-13,111,61
2009-04-14,89,56
2009-04-15,172,22
2009-04-16,172,56
2009-04-17,233,72
2009-04-18,217,122
2009-04-19,172,111
2009-04-20,189,67
2009-04-21,167,50
2009-04-22,239,67
2009-04-23,283,100
2009-04-24,322,211
2009-04-25,306,222
2009-04-26,300,211
2009-04-27,239,183
2009-04-28,183,117
2009-04-29,239,133
2009-04-30,211,167
2009-05-01,183,100
2009-05-02,194,106
2009-05-03,189,117
2009-05-04,217,106
2009-05-05,244,111
2009-05-06,211,156
2009-05-07,272,156
2009-05-08,228,167
2009-05-09,200,128
2009-05-10,189,94
2009-05-11,228,128
2009-05-12,233,100
2009-05-13,289,178
2009-05-14,239,161
2009-05-15,300,172
2009-05-16,178,100
2009-05-17,189,72
2009-05-18,217,83
2009-05-19,272,128
2009-05-20,278,133
2009-05-21,300,156
2009-05-22,300,189
2009-05-23,289,206
2009-05-24,294,206
2009-05-25,244,183
2009-05-26,283,206
2009-05-27,294,189
2009-05-28,194,156
2009-05-29,272,139
2009-05-30,311,161
2009-05-31,272,139
2009-06-01,333,200
2009-06-02,311,200
2009-06-03,206,150
2009-06-04,222,122
2009-06-05,261,117
2009-06-06,278,167
2009-06-07,267,183
2009-06-08,300,194
2009-06-09,244,167
2009-06-10,306,200
2009-06-11,283,189
2009-06-12,239,172
2009-06-13,294,178
2009-06-14,267,189
2009-06-15,250,194
2009-06-16,278,200
2009-06-17,339,217
2009-06-18,344,256
2009-06-19,350,239
2009-06-20,328,233
2009-06-21,344,244
2009-06-22,361,267
2009-06-23,356,261
2009-06-24,350,233
2009-06-25,356,261
2009-06-26,344,256
2009-06-27,367,233
2009-06-28,294,217
2009-06-29,328,189
2009-06-30,306,194
2009-07-01,278,189
2009-07-02,289,183
2009-07-03,300,178
2009-07-04,250,200
2009-07-05,244,194
2009-07-06,294,178
2009-07-07,311,194
2009-07-08,317,211
2009-07-09,328,211
2009-07-10,306,239
2009-07-11,322,250
2009-07-12,261,200
2009-07-13,294,178
2009-07-14,278,200
2009-07-15,306,222
2009-07-16,317,211
2009-07-17,256,172
2009-07-18,228,172
2009-07-19,261,178
2009-07-20,289,150
2009-07-21,256,194
2009-07-22,261,183
2009-07-23,306,172
2009-07-24,328,189
2009-07-25,300,228
2009-07-26,294,194
2009-07-27,311,194
2009-07-28,339,211
2009-07-29,278,194
2009-07-30,278,206
2009-07-31,283,172
2009-08-01,261,194
2009-08-02,283,183
2009-08-03,339,194
2009-08-04,311,233
2009-08-05,317,217
2009-08-06,300,189
2009-08-07,317,211
2009-08-08,361,244
2009-08-09,367,261
2009-08-10,311,222
2009-08-11,311,217
2009-08-12,294,200
2009-08-13,306,183
2009-08-14,317,189
2009-08-15,328,222
2009-08-16,328,239
2009-08-17,322,217
2009-08-18,283,206
2009-08-19,339,228
2009-08-20,272,194
2009-08-21,278,178
2009-08-22,250,150
2009-08-23,256,150
2009-08-24,267,150
2009-08-25,294,178
2009-08-26,317,200
2009-08-27,322,222
2009-08-28,250,200
2009-08-29,267,150
2009-08-30,200,122
2009-08-31,228,144
2009-09-01,239,111
2009-09-02,250,133
2009-09-03,283,133
2009-09-04,278,178
2009-09-05,233,189
2009-09-06,250,194
2009-09-07,283,183
2009-09-08,278,178
2009-09-09,283,172
2009-09-10,283,183
2009-09-11,283,183
2009-09-12,283,178
2009-09-13,272,167
2009-09-14,272,156
2009-09-15,272,200
2009-09-16,289,178
2009-09-17,267,156
2009-09-18,267,117
2009-09-19,283,156
2009-09-20,206,161
2009-09-21,278,183
2009-09-22,278,189
2009-09-23,261,189
2009-09-24,233,200
2009-09-25,261,172
2009-09-26,217,144
2009-09-27,283,128
2009-09-28,211,117
2009-09-29,194,94
2009-09-30,206,83
2009-10-01,233,133
2009-10-02,189,106
2009-10-03,161,89
2009-10-04,200,72
2009-10-05,211,72
2009-10-06,217,106
2009-10-07,189,67
2009-10-08,150,111
2009-10-09,128,56
2009-10-10,150,28
2009-10-11,122,28
2009-10-12,139,61
2009-10-13,100,67
2009-10-14,83,72
2009-10-15,100,72
2009-10-16,83,61
2009-10-17,117,22
2009-10-18,150,11
2009-10-19,233,72
2009-10-20,250,111
2009-10-21,189,122
2009-10-22,172,133
2009-10-23,172,72
2009-10-24,167,56
2009-10-25,189,111
2009-10-26,133,94
2009-10-27,117,89
2009-10-28,144,111
2009-10-29,206,94
2009-10-30,211,94
2009-10-31,133,39
2009-11-01,167,28
2009-11-02,211,78
2009-11-03,139,50
2009-11-04,178,67
2009-11-05,161,22
2009-11-06,222,83
2009-11-07,256,133
2009-11-08,244,139
2009-11-09,206,133
2009-11-10,144,106
2009-11-11,167,50
2009-11-12,150,17
2009-11-13,183,61
2009-11-14,217,111
2009-11-15,133,78
2009-11-16,111,72
2009-11-17,94,67
2009-11-18,78,61
2009-11-19,111,39
2009-11-20,150,22
2009-11-21,178,61
2009-11-22,156,61
2009-11-23,156,72
2009-11-24,133,89
2009-11-25,122,50
2009-11-26,61,6
2009-11-27,133,-6
2009-11-28,228,44
2009-11-29,144,50
2009-11-30,89,39
2009-12-01,139,39
2009-12-02,61,11
2009-12-03,39,-33
2009-12-04,6,-56
2009-12-05,50,-56
2009-12-06,39,-39
2009-12-07,39,6
2009-12-08,61,6
2009-12-09,67,-100
2009-12-10,-22,-117
2009-12-11,50,-61
2009-12-12,50,-11
2009-12-13,72,28
2009-12-14,122,-11
2009-12-15,-11,-67
2009-12-16,33,-78
2009-12-17,122,-33
2009-12-18,72,0
2009-12-19,6,-28
2009-12-20,6,-33
2009-12-21,28,-6
2009-12-22,50,-6
2009-12-23,111,44
2009-12-24,111,78
2009-12-25,111,-56
2009-12-26,-6,-28
2009-12-27,-11,-67
2009-12-28,39,-56
2009-12-29,-11,-61
2009-12-30,22,-17
2009-12-31,28,-72
2010-01-01,-56,-117
2010-01-02,-78,-150
2010-01-03,-94,-139
2010-01-04,-72,-156
2010-01-05,-56,-156
2010-01-06,-11,-133
2010-01-07,-33,-139
2010-01-08,-100,-139
2010-01-09,-94,-178
2010-01-10,-22,-172
2010-01-11,0,-56
2010-01-12,0,-94
2010-01-13,100,-72
2010-01-14,117,11
2010-01-15,67,11
2010-01-16,67,11
2010-01-17,50,0
2010-01-18,78,11
2010-01-19,39,0
2010-01-20,72,22
2010-01-21,61,17
2010-01-22,44,11
2010-01-23,117,39
2010-01-24,100,6
2010-01-25,22,-17
2010-01-26,-6,-61
2010-01-27,33,-50
2010-01-28,-6,-72
2010-01-29,-56,-89
2010-01-30,6,-72
2010-01-31,50,-72
2010-02-01,39,-39
2010-02-02,50,-28
2010-02-03,33,-56
2010-02-04,33,-17
2010-02-05,28,11
2010-02-06,17,-28
2010-02-07,22,-50
2010-02-08,0,-22
2010-02-09,-17,-117
2010-02-10,-6,-72
2010-02-11,28,-100
2010-02-12,22,-33
2010-02-13,28,-28
2010-02-14,0,-67
2010-02-15,-33,-83
2010-02-16,6,-56
2010-02-17,17,-72
2010-02-18,61,-50
2010-02-19,61,-50
2010-02-20,128,22
2010-02-21,61,28
2010-02-22,33,-28
2010-02-23,39,-50
2010-02-24,-11,-89
2010-02-25,33,-94
2010-02-26,50,-67
2010-02-27,56,-44
2010-02-28,83,-44
2010-03-01,39,-22
2010-03-02,72,-17
2010-03-03,78,-44
2010-03-04,100,-44
2010-03-05,111,-39
2010-03-06,144,-28
2010-03-07,211,28
2010-03-08,150,33
2010-03-09,139,83
2010-03-10,239,117
2010-03-11,200,94
2010-03-12,100,61
2010-03-13,89,61
2010-03-14,94,72
2010-03-15,122,72
2010-03-16,144,72
2010-03-17,161,67
2010-03-18,178,44
2010-03-19,200,61
2010-03-20,144,28
2010-03-21,67,28
2010-03-22,156,50
2010-03-23,217,39
2010-03-24,228,72
2010-03-25,150,22
2010-03-26,111,-17
2010-03-27,150,39
2010-03-28,139,61
2010-03-29,161,22
2010-03-30,228,50
2010-03-31,300,128
2010-04-01,306,156
2010-04-02,272,133
2010-04-03,200,106
2010-04-04,283,111
2010-04-05,283,161
2010-04-06,306,206
2010-04-07,256,100
2010-04-08,161,72
2010-04-09,217,50
2010-04-10,250,111
2010-04-11,278,133
2010-04-12,267,128
2010-04-13,289,122
2010-04-14,300,133
2010-04-15,300,172
2010-04-16,244,106
2010-04-17,194,67
2010-04-18,194,56
2010-04-19,189,83
2010-04-20,222,78
2010-04-21,244,94
2010-04-22,233,117
2010-04-23,250,150
2010-04-24,200,139
2010-04-25,144,111
2010-04-26,167,94
2010-04-27,189,89
2010-04-28,217,61
2010-04-29,283,139
2010-04-30,250,189
2010-05-01,233,150
2010-05-02,228,139
2010-05-03,267,122
2010-05-04,283,122
2010-05-05,283,150
2010-05-06,239,128
2010-05-07,278,111
2010-05-08,156,78
2010-05-09,172,44
2010-05-10,172,111
2010-05-11,261,133
2010-05-12,261,128
2010-05-13,272,161
2010-05-14,183,133
2010-05-15,156,133
2010-05-16,183,133
2010-05-17,167,128
2010-05-18,222,128
2010-05-19,217,106
2010-05-20,178,150
2010-05-21,228,156
2010-05-22,294,133
2010-05-23,333,222
2010-05-24,328,222
2010-05-25,317,206
2010-05-26,322,211
2010-05-27,311,200
2010-05-28,289,189
2010-05-29,317,178
2010-05-30,311,217
2010-05-31,317,217
2010-06-01,322,206
2010-06-02,278,194
2010-06-03,294,200
2010-06-04,333,211
2010-06-05,322,256
2010-06-06,283,194
2010-06-07,283,194
2010-06-08,261,206
2010-06-09,300,206
2010-06-10,333,183
2010-06-11,300,244
2010-06-12,344,228
2010-06-13,350,222
2010-06-14,322,233
2010-06-15,311,222
2010-06-16,317,211
2010-06-17,306,222
2010-06-18,350,239
2010-06-19,339,206
2010-06-20,356,228
2010-06-21,350,256
2010-06-22,344,244
2010-06-23,356,267
2010-06-24,300,222
2010-06-25,333,206
2010-06-26,356,261
2010-06-27,356,233
2010-06-28,317,228
2010-06-29,283,194
2010-06-30,278,183
2010-07-01,283,172
2010-07-02,294,172
2010-07-03,333,172
2010-07-04,339,250
2010-07-05,339,256
2010-07-06,344,250
2010-07-07,339,250
2010-07-08,322,228
2010-07-09,306,222
2010-07-10,311,211
2010-07-11,306,233
2010-07-12,311,217
2010-07-13,339,222
2010-07-14,356,261
2010-07-15,339,267
2010-07-16,339,233
2010-07-17,356,250
2010-07-18,328,222
2010-07-19,322,228
2010-07-20,333,217
2010-07-21,344,233
2010-07-22,356,239
2010-07-23,361,272
2010-07-24,361,233
2010-07-25,311,233
2010-07-26,311,239
2010-07-27,322,250
2010-07-28,344,261
2010-07-29,322,239
2010-07-30,283,239
2010-07-31,311,233
2010-08-01,311,222
2010-08-02,328,217
2010-08-03,389,278
2010-08-04,383,272
2010-08-05,328,239
2010-08-06,306,228
2010-08-07,322,206
2010-08-08,350,228
2010-08-09,372,267
2010-08-10,367,272
2010-08-11,378,261
2010-08-12,372,272
2010-08-13,378,250
2010-08-14,361,228
2010-08-15,328,228
2010-08-16,306,200
2010-08-17,294,206
2010-08-18,317,211
2010-08-19,356,228
2010-08-20,339,228
2010-08-21,322,222
2010-08-22,328,228
2010-08-23,311,200
2010-08-24,317,211
2010-08-25,278,183
2010-08-26,278,167
2010-08-27,289,172
2010-08-28,328,167
2010-08-29,333,244
2010-08-30,300,228
2010-08-31,328,239
2010-09-01,278,233
2010-09-02,322,194
2010-09-03,256,161
2010-09-04,244,122
2010-09-05,283,128
2010-09-06,322,189
2010-09-07,261,172
2010-09-08,294,144
2010-09-09,222,172
2010-09-10,206,167
2010-09-11,283,161
2010-09-12,300,144
2010-09-13,317,178
2010-09-14,294,200
2010-09-15,289,178
2010-09-16,250,156
2010-09-17,272,122
2010-09-18,322,172
2010-09-19,256,194
2010-09-20,322,194
2010-09-21,333,228
2010-09-22,272,200
2010-09-23,333,222
2010-09-24,272,167
2010-09-25,244,128
2010-09-26,161,111
2010-09-27,206,89
2010-09-28,250,111
2010-09-29,267,133
2010-09-30,261,133
2010-10-01,239,100
2010-10-02,178,83
2010-10-03,167,56
2010-10-04,172,50
2010-10-05,211,50
2010-10-06,256,72
2010-10-07,267,128
2010-10-08,283,100
2010-10-09,311,133
2010-10-10,306,150
2010-10-11,294,150
2010-10-12,278,150
2010-10-13,228,100
2010-10-14,228,78
2010-10-15,217,89
2010-10-16,261,67
2010-10-17,261,128
2010-10-18,256,117
2010-10-19,200,67
2010-10-20,244,78
2010-10-21,206,83
2010-10-22,250,67
2010-10-23,289,194
2010-10-24,256,178
2010-10-25,250,161
2010-10-26,239,144
2010-10-27,222,106
2010-10-28,117,39
2010-10-29,156,6
2010-10-30,239,33
2010-10-31,167,78
2010-11-01,161,56
2010-11-02,144,50
2010-11-03,194,11
2010-11-04,144,44
2010-11-05,89,-6
2010-11-06,117,-17
2010-11-07,228,33
2010-11-08,239,33
2010-11-09,239,67
2010-11-10,250,89
2010-11-11,256,111
2010-11-12,239,83
2010-11-13,189,50
2010-11-14,128,11
2010-11-15,150,44
2010-11-16,122,33
2010-11-17,139,17
2010-11-18,72,33
2010-11-19,156,11
2010-11-20,133,22
2010-11-21,200,83
2010-11-22,239,67
2010-11-23,72,11
2010-11-24,144,22
2010-11-25,139,-28
2010-11-26,78,-39
2010-11-27,94,-6
2010-11-28,122,6
2010-11-29,111,33
2010-11-30,100,-17
2010-12-01,33,-33
2010-12-02,72,-33
2010-12-03,28,-33
2010-12-04,33,-6
2010-12-05,-6,-56
2010-12-06,0,-83
2010-12-07,-22,-89
2010-12-08,11,-83
2010-12-09,44,-72
2010-12-10,139,0
2010-12-11,78,-61
2010-12-12,-33,-122
2010-12-13,-72,-161
2010-12-14,-56,-139
2010-12-15,-11,-56
2010-12-16,-11,-22
2010-12-17,-6,-61
2010-12-18,28,-67
2010-12-19,39,-50
2010-12-20,72,-6
2010-12-21,67,22
2010-12-22,22,-39
2010-12-23,22,-44
2010-12-24,11,-6
2010-12-25,-6,-39
2010-12-26,-17,-72
2010-12-27,-11,-78
2010-12-28,44,-72
2010-12-29,72,-22
2010-12-30,139,61
2010-12-31,178,44
2011-01-01,44,-50
2011-01-02,17,-78
2011-01-03,89,-22
2011-01-04,33,-44
2011-01-05,67,-39
2011-01-06,17,-28
2011-01-07,22,-39
2011-01-08,-39,-100
2011-01-09,-11,-106
2011-01-10,0,-28
2011-01-11,-22,-89
2011-01-12,-72,-122
2011-01-13,-17,-139
2011-01-14,33,-44
2011-01-15,44,-44
2011-01-16,-11,-56
2011-01-17,56,-44
2011-01-18,56,-33
2011-01-19,-11,-50
2011-01-20,-44,-100
2011-01-21,-78,-178
2011-01-22,11,-100
2011-01-23,6,-67
2011-01-24,33,-61
2011-01-25,22,-67
2011-01-26,0,-67
2011-01-27,50,-83
2011-01-28,83,-61
2011-01-29,72,-6
2011-01-30,50,-11
2011-01-31,0,-17
2011-02-01,-6,-67
2011-02-02,-61,-117
2011-02-03,-50,-156
2011-02-04,-11,-122
2011-02-05,33,-39
2011-02-06,50,0
2011-02-07,0,-44
2011-02-08,-44,-128
2011-02-09,-67,-117
2011-02-10,0,-133
2011-02-11,61,-72
2011-02-12,106,-11
2011-02-13,183,44
2011-02-14,100,6
2011-02-15,122,6
2011-02-16,233,33
2011-02-17,244,144
2011-02-18,178,39
2011-02-19,122,28
2011-02-20,233,83
2011-02-21,178,-6
2011-02-22,28,-33
2011-02-23,67,-22
2011-02-24,67,6
2011-02-25,11,0
2011-02-26,67,0
2011-02-27,183,17
2011-02-28,78,-6
2011-03-01,144,-39
2011-03-02,117,-6
2011-03-03,172,11
2011-03-04,217,117
2011-03-05,117,6
2011-03-06,67,0
2011-03-07,83,11
2011-03-08,89,50
2011-03-09,94,33
2011-03-10,39,-6
2011-03-11,156,-33
2011-03-12,183,67
2011-03-13,89,11
2011-03-14,39,11
2011-03-15,78,22
2011-03-16,194,17
2011-03-17,283,117
2011-03-18,206,89
2011-03-19,144,56
2011-03-20,278,83
2011-03-21,278,183
2011-03-22,244,156
2011-03-23,239,67
2011-03-24,67,6
2011-03-25,39,6
2011-03-26,39,0
2011-03-27,67,-22
2011-03-28,94,-6
2011-03-29,78,39
2011-03-30,117,11
2011-03-31,122,22
2011-04-01,161,28
2011-04-02,200,33
2011-04-03,322,100
2011-04-04,256,56
2011-04-05,189,17
2011-04-06,261,122
2011-04-07,206,83
2011-04-08,244,161
2011-04-09,311,150
2011-04-10,322,194
2011-04-11,200,128
2011-04-12,200,111
2011-04-13,233,83
2011-04-14,228,117
2011-04-15,206,89
2011-04-16,117,61
2011-04-17,239,50
2011-04-18,222,150
2011-04-19,311,78
2011-04-20,128,50
2011-04-21,161,44
2011-04-22,250,117
2011-04-23,217,133
2011-04-24,144,111
2011-04-25,189,139
2011-04-26,217,139
2011-04-27,144,78
2011-04-28,206,83
2011-04-29,222,78
2011-04-30,267,144
2011-05-01,189,72
2011-05-02,133,78
2011-05-03,167,61
2011-05-04,161,33
2011-05-05,222,78
2011-05-06,228,94
2011-05-07,278,139
2011-05-08,272,156
2011-05-09,300,194
2011-05-10,294,211
2011-05-11,328,217
2011-05-12,311,194
2011-05-13,256,144
2011-05-14,144,100
2011-05-15,133,78
2011-05-16,172,61
2011-05-17,183,56
2011-05-18,228,117
2011-05-19,183,156
2011-05-20,272,167
2011-05-21,294,189
2011-05-22,306,178
2011-05-23,272,183
2011-05-24,294,167
2011-05-25,294,167
2011-05-26,178,111
2011-05-27,200,94
2011-05-28,239,156
2011-05-29,339,194
2011-05-30,339,239
2011-05-31,311,233
2011-06-01,328,189
2011-06-02,294,222
2011-06-03,356,244
2011-06-04,367,261
2011-06-05,322,239
2011-06-06,361,228
2011-06-07,356,250
2011-06-08,361,261
2011-06-09,339,250
2011-06-10,350,200
2011-06-11,283,183
2011-06-12,250,161
2011-06-13,250,167
2011-06-14,267,183
2011-06-15,306,194
2011-06-16,328,183
2011-06-17,267,200
2011-06-18,306,200
2011-06-19,322,200
2011-06-20,328,261
2011-06-21,306,211
2011-06-22,289,217
2011-06-23,244,194
2011-06-24,283,172
2011-06-25,261,194
2011-06-26,300,189
2011-06-27,283,194
2011-06-28,289,206
2011-06-29,306,178
2011-06-30,333,211
2011-07-01,356,239
2011-07-02,372,250
2011-07-03,328,211
2011-07-04,294,217
2011-07-05,317,217
2011-07-06,339,228
2011-07-07,306,217
2011-07-08,306,206
2011-07-09,322,206
2011-07-10,361,250
2011-07-11,378,294
2011-07-12,389,250
2011-07-13,328,244
2011-07-14,317,211
2011-07-15,322,233
2011-07-16,333,233
2011-07-17,350,261
2011-07-18,361,256
2011-07-19,372,272
2011-07-20,378,278
2011-07-21,394,283
2011-07-22,383,289
2011-07-23,378,283
2011-07-24,339,244
2011-07-25,350,233
2011-07-26,367,267
2011-07-27,378,261
2011-07-28,383,278
2011-07-29,367,272
2011-07-30,306,244
2011-07-31,350,256
2011-08-01,378,261
2011-08-02,389,267
2011-08-03,350,278
2011-08-04,328,244
2011-08-05,300,244
2011-08-06,350,244
2011-08-07,367,267
2011-08-08,322,239
2011-08-09,344,211
2011-08-10,267,206
2011-08-11,294,183
2011-08-12,317,194
2011-08-13,333,211
2011-08-14,289,183
2011-08-15,278,172
2011-08-16,289,167
2011-08-17,322,239
2011-08-18,344,222
2011-08-19,344,222
2011-08-20,339,222
2011-08-21,328,228
2011-08-22,306,217
2011-08-23,372,239
2011-08-24,378,272
2011-08-25,311,194
2011-08-26,322,194
2011-08-27,339,211
2011-08-28,306,194
2011-08-29,306,189
2011-08-30,328,194
2011-08-31,394,244
2011-09-01,400,278
2011-09-02,383,267
2011-09-03,383,233
2011-09-04,267,167
2011-09-05,239,139
2011-09-06,239,111
2011-09-07,261,106
2011-09-08,272,111
2011-09-09,194,167
2011-09-10,244,178
2011-09-11,283,156
2011-09-12,322,178
2011-09-13,339,211
2011-09-14,211,111
2011-09-15,178,78
2011-09-16,194,122
2011-09-17,211,139
2011-09-18,217,156
2011-09-19,217,133
2011-09-20,250,117
2011-09-21,261,156
2011-09-22,178,122
2011-09-23,189,100
2011-09-24,200,78
2011-09-25,206,72
2011-09-26,228,89
2011-09-27,222,133
2011-09-28,244,139
2011-09-29,311,161
2011-09-30,228,122
2011-10-01,194,67
2011-10-02,217,56
2011-10-03,256,83
2011-10-04,272,94
2011-10-05,278,117
2011-10-06,289,122
2011-10-07,294,150
2011-10-08,278,144
2011-10-09,278,133
2011-10-10,267,128
2011-10-11,272,156
2011-10-12,228,167
2011-10-13,239,150
2011-10-14,222,117
2011-10-15,217,83
2011-10-16,283,111
2011-10-17,167,83
2011-10-18,128,78
2011-10-19,100,72
2011-10-20,139,50
2011-10-21,172,39
2011-10-22,228,50
2011-10-23,244,117
2011-10-24,239,117
2011-10-25,283,122
2011-10-26,228,89
2011-10-27,139,72
2011-10-28,156,39
2011-10-29,172,28
2011-10-30,178,89
2011-10-31,172,56
2011-11-01,239,56
2011-11-02,244,94
2011-11-03,139,83
2011-11-04,139,56
2011-11-05,156,33
2011-11-06,183,100
2011-11-07,183,128
2011-11-08,206,156
2011-11-09,167,56
2011-11-10,100,0
2011-11-11,183,-17
2011-11-12,178,89
2011-11-13,250,156
2011-11-14,250,144
2011-11-15,183,111
2011-11-16,117,28
2011-11-17,94,-11
2011-11-18,144,11
2011-11-19,183,100
2011-11-20,167,33
2011-11-21,83,67
2011-11-22,94,72
2011-11-23,89,67
2011-11-24,156,67
2011-11-25,194,56
2011-11-26,178,56
2011-11-27,56,22
2011-11-28,44,11
2011-11-29,61,-17
2011-11-30,72,-44
2011-12-01,106,-22
2011-12-02,83,0
2011-12-03,167,78
2011-12-04,139,17
2011-12-05,17,0
2011-12-06,17,-11
2011-12-07,50,-22
2011-12-08,67,-17
2011-12-09,39,-39
2011-12-10,39,-72
2011-12-11,94,-22
2011-12-12,100,-22
2011-12-13,89,56
2011-12-14,167,78
2011-12-15,161,6
2011-12-16,44,-28
2011-12-17,89,-28
2011-12-18,139,-17
2011-12-19,133,78
2011-12-20,89,78
2011-12-21,83,44
2011-12-22,56,17
2011-12-23,39,-11
2011-12-24,89,-28
2011-12-25,117,-11
2011-12-26,56,-39
2011-12-27,67,-6
2011-12-28,94,-22
2011-12-29,161,33
2011-12-30,144,67
2011-12-31,150,11
2012-01-01,133,11
2012-01-02,11,-56
2012-01-03,39,-78
2012-01-04,111,11
2012-01-05,189,22
2012-01-06,211,67
2012-01-07,117,22
2012-01-08,67,-17
2012-01-09,111,-22
2012-01-10,144,-11
2012-01-11,133,33
2012-01-12,33,-89
2012-01-13,-50,-100
2012-01-14,17,-106
2012-01-15,72,-61
2012-01-16,200,50
2012-01-17,206,-39
2012-01-18,17,-94
2012-01-19,17,-78
2012-01-20,-17,-89
2012-01-21,0,-56
2012-01-22,128,-17
2012-01-23,133,-6
2012-01-24,67,-33
2012-01-25,17,-6
2012-01-26,44,11
2012-01-27,56,-6
2012-01-28,67,-11
2012-01-29,89,-6
2012-01-30,194,6
2012-01-31,189,106
2012-02-01,156,33
2012-02-02,183,6
2012-02-03,128,28
2012-02-04,89,61
2012-02-05,94,17
2012-02-06,94,-11
2012-02-07,100,-17
2012-02-08,17,0
2012-02-09,44,-17
2012-02-10,56,-50
2012-02-11,-17,-89
2012-02-12,33,-89
2012-02-13,17,-22
2012-02-14,44,0
2012-02-15,83,11
2012-02-16,94,6
2012-02-17,144,-17
2012-02-18,78,17
2012-02-19,61,-22
2012-02-20,106,-44
2012-02-21,128,50
2012-02-22,178,39
2012-02-23,206,61
2012-02-24,100,22
2012-02-25,61,-22
2012-02-26,183,-6
2012-02-27,117,39
2012-02-28,167,11
2012-02-29,200,83
2012-03-01,189,28
2012-03-02,139,28
2012-03-03,83,6
2012-03-04,67,-28
2012-03-05,100,-17
2012-03-06,239,67
2012-03-07,222,150
2012-03-08,194,17
2012-03-09,128,0
2012-03-10,183,11
2012-03-11,167,28
2012-03-12,289,139
2012-03-13,283,100
2012-03-14,300,156
2012-03-15,272,172
2012-03-16,250,144
2012-03-17,267,150
2012-03-18,278,139
2012-03-19,278,194
2012-03-20,283,183
2012-03-21,272,183
2012-03-22,233,122
2012-03-23,194,111
2012-03-24,239,111
2012-03-25,244,128
2012-03-26,217,128
2012-03-27,278,122
2012-03-28,278,167
2012-03-29,222,139
2012-03-30,278,139
2012-03-31,244,100
2012-04-01,317,161
2012-04-02,317,189
2012-04-03,283,172
2012-04-04,200,117
2012-04-05,167,83
2012-04-06,161,39
2012-04-07,206,56
2012-04-08,206,72
2012-04-09,217,78
2012-04-10,161,67
2012-04-11,139,28
2012-04-12,178,22
2012-04-13,139,94
2012-04-14,267,117
2012-04-15,256,144
2012-04-16,200,106
2012-04-17,211,83
2012-04-18,239,94
2012-04-19,261,133
2012-04-20,189,89
2012-04-21,156,50
2012-04-22,150,61
2012-04-23,178,28
2012-04-24,256,83
2012-04-25,317,150
2012-04-26,267,144
2012-04-27,150,83
2012-04-28,267,133
2012-04-29,183,106
2012-04-30,228,156
2012-05-01,294,156
2012-05-02,322,222
2012-05-03,306,211
2012-05-04,300,194
2012-05-05,333,217
2012-05-06,333,222
2012-05-07,244,167
2012-05-08,239,133
2012-05-09,217,117
2012-05-10,244,111
2012-05-11,244,122
2012-05-12,267,150
2012-05-13,250,133
2012-05-14,267,122
2012-05-15,283,128
2012-05-16,256,161
2012-05-17,267,117
2012-05-18,306,133
2012-05-19,322,189
2012-05-20,328,206
2012-05-21,228,144
2012-05-22,256,122
2012-05-23,294,133
2012-05-24,333,189
2012-05-25,333,233
2012-05-26,350,239
2012-05-27,339,244
2012-05-28,344,244
2012-05-29,317,217
2012-05-30,283,189
2012-05-31,200,117
2012-06-01,217,94
2012-06-02,272,128
2012-06-03,311,150
2012-06-04,339,189
2012-06-05,289,161
2012-06-06,267,150
2012-06-07,283,150
2012-06-08,311,161
2012-06-09,328,172
2012-06-10,317,222
2012-06-11,261,211
2012-06-12,278,172
2012-06-13,278,144
2012-06-14,311,161
2012-06-15,339,194
2012-06-16,356,217
2012-06-17,328,211
2012-06-18,350,250
2012-06-19,339,250
2012-06-20,350,239
2012-06-21,306,217
2012-06-22,300,194
2012-06-23,311,189
2012-06-24,372,211
2012-06-25,322,206
2012-06-26,306,156
2012-06-27,372,189
2012-06-28,422,261
2012-06-29,411,250
2012-06-30,406,256
2012-07-01,389,261
2012-07-02,378,250
2012-07-03,383,244
2012-07-04,406,283
2012-07-05,406,283
2012-07-06,411,283
2012-07-07,417,283
2012-07-08,367,239
2012-07-09,333,233
2012-07-10,350,217
2012-07-11,339,222
2012-07-12,344,228
2012-07-13,350,233
2012-07-14,333,244
2012-07-15,356,233
2012-07-16,367,261
2012-07-17,394,272
2012-07-18,411,283
2012-07-19,400,278
2012-07-20,300,239
2012-07-21,344,211
2012-07-22,372,256
2012-07-23,411,278
2012-07-24,417,294
2012-07-25,422,300
2012-07-26,356,272
2012-07-27,378,244
2012-07-28,339,217
2012-07-29,306,222
2012-07-30,300,239
2012-07-31,394,228
2012-08-01,383,250
2012-08-02,367,244
2012-08-03,361,228
2012-08-04,367,239
2012-08-05,333,239
2012-08-06,350,200
2012-08-07,378,211
2012-08-08,378,206
2012-08-09,339,217
2012-08-10,267,194
2012-08-11,300,161
2012-08-12,294,183
2012-08-13,272,189
2012-08-14,272,172
2012-08-15,333,172
2012-08-16,367,211
2012-08-17,278,167
2012-08-18,283,161
2012-08-19,289,178
2012-08-20,306,156
2012-08-21,317,172
2012-08-22,344,178
2012-08-23,367,194
2012-08-24,350,239
2012-08-25,328,222
2012-08-26,306,217
2012-08-27,311,222
2012-08-28,339,189
2012-08-29,328,194
2012-08-30,356,211
2012-08-31,283,239
2012-09-01,278,233
2012-09-02,289,233
2012-09-03,311,233
2012-09-04,333,233
2012-09-05,300,206
2012-09-06,333,200
2012-09-07,339,178
2012-09-08,233,150
2012-09-09,239,144
2012-09-10,261,133
2012-09-11,294,156
2012-09-12,300,178
2012-09-13,311,161
2012-09-14,211,144
2012-09-15,206,139
2012-09-16,233,172
2012-09-17,244,156
2012-09-18,206,100
2012-09-19,250,100
2012-09-20,261,139
2012-09-21,289,139
2012-09-22,206,94
2012-09-23,200,67
2012-09-24,233,72
2012-09-25,272,161
2012-09-26,261,189
2012-09-27,217,178
2012-09-28,222,128
2012-09-29,244,111
2012-09-30,233,128
2012-10-01,189,122
2012-10-02,222,94
2012-10-03,250,161
2012-10-04,283,122
2012-10-05,122,39
2012-10-06,106,33
2012-10-07,128,33
2012-10-08,167,33
2012-10-09,206,72
2012-10-10,150,44
2012-10-11,189,67
2012-10-12,189,100
2012-10-13,256,139
2012-10-14,239,122
2012-10-15,217,89
2012-10-16,289,111
2012-10-17,200,117
2012-10-18,167,94
2012-10-19,122,83
2012-10-20,189,89
2012-10-21,256,94
2012-10-22,239,183
2012-10-23,261,183
2012-10-24,289,189
2012-10-25,283,72
2012-10-26,106,39
2012-10-27,111,11
2012-10-28,117,11
2012-10-29,133,11
2012-10-30,144,17
2012-10-31,139,17
2012-11-01,172,28
2012-11-02,128,39
2012-11-03,106,33
2012-11-04,111,-6
2012-11-05,67,56
2012-11-06,89,56
2012-11-07,94,33
2012-11-08,139,6
2012-11-09,222,61
2012-11-10,272,139
2012-11-11,211,33
2012-11-12,83,-11
2012-11-13,106,-17
2012-11-14,94,0
2012-11-15,133,-11
2012-11-16,156,6
2012-11-17,139,-6
2012-11-18,161,-6
2012-11-19,150,50
2012-11-20,167,56
2012-11-21,183,56
2012-11-22,211,89
2012-11-23,122,-17
2012-11-24,39,-44
2012-11-25,144,17
2012-11-26,67,-11
2012-11-27,50,-56
2012-11-28,106,-22
2012-11-29,161,6
2012-11-30,189,50
2012-12-01,211,89
2012-12-02,239,167
2012-12-03,233,172
2012-12-04,189,56
2012-12-05,122,28
2012-12-06,117,28
2012-12-07,133,78
2012-12-08,94,61
2012-12-09,106,22
2012-12-10,22,-28
2012-12-11,61,-50
2012-12-12,106,-44
2012-12-13,139,-22
2012-12-14,144,-6
2012-12-15,183,67
2012-12-16,122,39
2012-12-17,56,22
2012-12-18,156,6
2012-12-19,117,-11
2012-12-20,133,-28
2012-12-21,28,-44
2012-12-22,83,-67
2012-12-23,100,-11
2012-12-24,17,-44
2012-12-25,17,-44
2012-12-26,6,-17
2012-12-27,17,-22
2012-12-28,28,-6
2012-12-29,6,-56
2012-12-30,61,-61
2012-12-31,39,-6
2013-01-01,-6,-83
2013-01-02,6,-94
2013-01-03,44,-61
2013-01-04,50,-44
2013-01-05,78,-11
2013-01-06,61,-39
2013-01-07,78,-50
2013-01-08,122,-28
2013-01-09,144,39
2013-01-10,150,44
2013-01-11,178,100
2013-01-12,144,0
2013-01-13,0,-67
2013-01-14,-28,-83
2013-01-15,-6,-83
2013-01-16,61,-67
2013-01-17,56,-28
2013-01-18,133,-44
2013-01-19,189,56
2013-01-20,83,-39
2013-01-21,-28,-94
2013-01-22,-78,-106
2013-01-23,56,-106
2013-01-24,-22,-89
2013-01-25,72,-28
2013-01-26,33,-50
2013-01-27,111,-22
2013-01-28,233,111
2013-01-29,200,122
2013-01-30,122,-28
2013-01-31,6,-111
2013-02-01,-11,-128
2013-02-02,72,-11
2013-02-03,6,-39
2013-02-04,139,-28
2013-02-05,139,-17
2013-02-06,111,-28
2013-02-07,111,22
2013-02-08,39,-11
2013-02-09,61,-11
2013-02-10,133,39
2013-02-11,111,17
2013-02-12,78,-22
2013-02-13,128,17
2013-02-14,139,44
2013-02-15,56,-22
2013-02-16,33,-61
2013-02-17,94,-56
2013-02-18,156,11
2013-02-19,11,-44
2013-02-20,-33,-78
2013-02-21,6,-61
2013-02-22,22,-50
2013-02-23,11,-89
2013-02-24,56,-78
2013-02-25,61,-11
2013-02-26,50,11
2013-02-27,22,0
2013-02-28,22,0
2013-03-01,11,-17
2013-03-02,22,-50
2013-03-03,44,-72
2013-03-04,117,17
2013-03-05,61,0
2013-03-06,39,-22
2013-03-07,78,-56
2013-03-08,122,-22
2013-03-09,200,56
2013-03-10,161,72
2013-03-11,72,11
2013-03-12,111,-11
2013-03-13,56,-22
2013-03-14,111,-17
2013-03-15,228,0
2013-03-16,178,39
2013-03-17,39,11
2013-03-18,106,17
2013-03-19,83,-17
2013-03-20,33,-39
2013-03-21,28,-61
2013-03-22,61,0
2013-03-23,122,33
2013-03-24,50,0
2013-03-25,22,-11
2013-03-26,44,-17
2013-03-27,72,-39
2013-03-28,139,22
2013-03-29,167,61
2013-03-30,128,50
2013-03-31,206,83
2013-04-01,94,17
2013-04-02,94,-10
2013-04-03,117,6
2013-04-04,161,22
2013-04-05,200,39
2013-04-06,244,122
2013-04-07,261,111
2013-04-08,261,172
2013-04-09,261,189
2013-04-10,278,150
2013-04-11,156,56
2013-04-12,78,33
2013-04-13,167,33
2013-04-14,267,83
2013-04-15,217,100
2013-04-16,100,78
2013-04-17,294,100
2013-04-18,250,50
2013-04-19,117,39
2013-04-20,133,11
2013-04-21,172,61
2013-04-22,228,56
2013-04-23,172,50
2013-04-24,122,33
2013-04-25,178,56
2013-04-26,156,100
2013-04-27,122,100
2013-04-28,144,94
2013-04-29,261,78
2013-04-30,306,172
2013-05-01,283,150
2013-05-02,217,72
2013-05-03,72,50
2013-05-04,106,50
2013-05-05,167,83
2013-05-06,206,122
2013-05-07,267,150
2013-05-08,289,139
2013-05-09,244,178
2013-05-10,194,128
2013-05-11,217,106
2013-05-12,172,56
2013-05-13,233,61
2013-05-14,339,150
2013-05-15,333,222
2013-05-16,283,200
2013-05-17,250,189
2013-05-18,278,172
2013-05-19,328,217
2013-05-20,283,172
2013-05-21,278,183
2013-05-22,256,178
2013-05-23,183,128
2013-05-24,206,83
2013-05-25,211,117
2013-05-26,289,139
2013-05-27,289,194
2013-05-28,300,211
2013-05-29,311,194
2013-05-30,289,189
2013-05-31,272,189
2013-06-01,261,189
2013-06-02,206,156
2013-06-03,211,139
2013-06-04,239,122
2013-06-05,272,156
2013-06-06,267,172
2013-06-07,244,156
2013-06-08,272,150
2013-06-09,267,183
2013-06-10,272,178
2013-06-11,333,178
2013-06-12,356,244
2013-06-13,294,211
2013-06-14,294,172
2013-06-15,322,206
2013-06-16,306,206
2013-06-17,306,189
2013-06-18,317,178
2013-06-19,306,189
2013-06-20,328,206
2013-06-21,333,239
2013-06-22,333,217
2013-06-23,322,211
2013-06-24,339,206
2013-06-25,344,256
2013-06-26,339,228
2013-06-27,344,233
2013-06-28,317,239
2013-06-29,283,178
2013-06-30,250,183
2013-07-01,272,178
2013-07-02,211,167
2013-07-03,283,178
2013-07-04,289,178
2013-07-05,289,194
2013-07-06,311,211
2013-07-07,333,206
2013-07-08,344,250
2013-07-09,350,272
2013-07-10,311,233
2013-07-11,289,200
2013-07-12,294,183
2013-07-13,300,183
2013-07-14,322,200
2013-07-15,328,233
2013-07-16,339,244
2013-07-17,344,250
2013-07-18,344,256
2013-07-19,367,256
2013-07-20,339,250
2013-07-21,289,233
2013-07-22,339,222
2013-07-23,333,233
2013-07-24,272,189
2013-07-25,283,172
2013-07-26,244,206
2013-07-27,256,167
2013-07-28,283,133
2013-07-29,272,156
2013-07-30,250,194
2013-07-31,278,206
2013-08-01,311,194
2013-08-02,283,228
2013-08-03,294,211
2013-08-04,267,183
2013-08-05,239,217
2013-08-06,322,222
2013-08-07,328,239
2013-08-08,272,228
2013-08-09,272,206
2013-08-10,294,206
2013-08-11,300,172
2013-08-12,278,222
2013-08-13,267,183
2013-08-14,244,139
2013-08-15,244,156
2013-08-16,250,156
2013-08-17,272,156
2013-08-18,289,183
2013-08-19,311,194
2013-08-20,322,206
2013-08-21,339,222
2013-08-22,333,244
2013-08-23,322,233
2013-08-24,333,206
2013-08-25,344,206
2013-08-26,361,244
2013-08-27,361,250
2013-08-28,361,239
2013-08-29,367,239
2013-08-30,389,261
2013-08-31,394,261
2013-09-01,328,222
2013-09-02,289,206
2013-09-03,289,161
2013-09-04,311,167
2013-09-05,317,178
2013-09-06,317,206
2013-09-07,344,211
2013-09-08,294,228
2013-09-09,372,244
2013-09-10,367,261
2013-09-11,367,222
2013-09-12,300,194
2013-09-13,244,144
2013-09-14,244,117
2013-09-15,289,150
2013-09-16,239,156
2013-09-17,222,150
2013-09-18,311,194
2013-09-19,333,239
2013-09-20,250,144
2013-09-21,228,117
2013-09-22,244,106
2013-09-23,250,117
2013-09-24,283,139
2013-09-25,283,194
2013-09-26,294,167
2013-09-27,294,167
2013-09-28,300,189
2013-09-29,244,144
2013-09-30,261,122
2013-10-01,278,183
2013-10-02,294,206
2013-10-03,311,211
2013-10-04,317,217
2013-10-05,267,133
2013-10-06,156,100
2013-10-07,217,106
2013-10-08,244,100
2013-10-09,239,94
2013-10-10,267,133
2013-10-11,272,139
2013-10-12,261,133
2013-10-13,233,89
2013-10-14,200,89
2013-10-15,206,128
2013-10-16,156,83
2013-10-17,189,94
2013-10-18,167,67
2013-10-19,150,56
2013-10-20,228,89
2013-10-21,139,44
2013-10-22,167,33
2013-10-23,106,28
2013-10-24,94,0
2013-10-25,133,-10
2013-10-26,189,33
2013-10-27,161,6
2013-10-28,206,22
2013-10-29,150,83
2013-10-30,228,139
2013-10-31,200,94
2013-11-01,183,89
2013-11-02,139,44
2013-11-03,150,17
2013-11-04,172,83
2013-11-05,161,117
2013-11-06,156,22
2013-11-07,139,6
2013-11-08,150,-10
2013-11-09,206,89
2013-11-10,128,39
2013-11-11,189,6
2013-11-12,28,-43
2013-11-13,89,-55
2013-11-14,156,-5
2013-11-15,156,83
2013-11-16,189,94
2013-11-17,267,83
2013-11-18,139,28
2013-11-19,94,0
2013-11-20,106,6
2013-11-21,111,100
2013-11-22,100,6
2013-11-23,11,-71
2013-11-24,-10,-93
2013-11-25,33,-21
2013-11-26,50,-43
2013-11-27,-10,-77
2013-11-28,89,-43
2013-11-29,78,-55
2013-11-30,150,-27
2013-12-01,144,6
2013-12-02,150,39
2013-12-03,156,78
2013-12-04,206,44
2013-12-05,44,-55
2013-12-06,-43,-93
2013-12-07,-43,-116
2013-12-08,-16,-66
2013-12-09,-16,-55
2013-12-10,33,-93
2013-12-11,11,-105
2013-12-12,44,-116
2013-12-13,22,-60
2013-12-14,17,-27
2013-12-15,28,-55
2013-12-16,11,-43
2013-12-17,50,-38
2013-12-18,111,-49
2013-12-19,161,44
2013-12-20,217,28
2013-12-21,28,6
2013-12-22,22,-27
2013-12-23,-27,-110
2013-12-24,-43,-138
2013-12-25,28,-43
2013-12-26,111,-38
2013-12-27,133,-21
2013-12-28,161,22
2013-12-29,72,-82
2013-12-30,-5,-121
2013-12-31,67,-43
2014-01-01,89,-43
2014-01-02,-43,-138
2014-01-03,-10,-155
2014-01-04,78,-27
2014-01-05,17,-166
2014-01-06,-166,-221
2014-01-07,-43,-199
2014-01-08,-21,-66
2014-01-09,11,-66
2014-01-10,78,11
2014-01-11,94,11
2014-01-12,150,-21
2014-01-13,150,0
2014-01-14,94,-16
2014-01-15,-5,-55
2014-01-16,83,-38
2014-01-17,-38,-93
2014-01-18,61,-88
2014-01-19,117,-49
2014-01-20,100,6
2014-01-21,44,-110
2014-01-22,-10,-110
2014-01-23,-99,-166
2014-01-24,22,-143
2014-01-25,61,-55
2014-01-26,156,-38
2014-01-27,-38,-138
2014-01-28,-66,-160
2014-01-29,17,-110
2014-01-30,83,-38
2014-01-31,39,-21
2014-02-01,28,-21
2014-02-02,-21,-105
2014-02-03,-10,-132
2014-02-04,-21,-60
2014-02-05,-55,-116
2014-02-06,-105,-182
2014-02-07,-71,-177
2014-02-08,-10,-88
2014-02-09,-21,-82
2014-02-10,-82,-143
2014-02-11,-66,-182
2014-02-12,11,-155
2014-02-13,94,-116
2014-02-14,28,-77
2014-02-15,-16,-105
2014-02-16,6,-32
2014-02-17,72,-32
2014-02-18,172,33
2014-02-19,122,17
2014-02-20,228,44
2014-02-21,139,11
2014-02-22,167,-5
2014-02-23,33,-27
2014-02-24,33,-49
2014-02-25,0,-71
2014-02-26,-21,-116
2014-02-27,-16,-71
2014-02-28,89,-71
2014-03-01,61,-43
2014-03-02,-38,-138
2014-03-03,-43,-155
2014-03-04,39,-99
2014-03-05,56,-49
2014-03-06,89,-38
2014-03-07,167,-27
2014-03-08,72,22
2014-03-09,150,-16
2014-03-10,267,72
2014-03-11,283,61
2014-03-12,83,11
2014-03-13,178,-16
2014-03-14,206,56
2014-03-15,222,22
2014-03-16,89,-27
2014-03-17,94,-66
2014-03-18,156,17
2014-03-19,117,11
2014-03-20,206,-5
2014-03-21,250,94
2014-03-22,106,22
2014-03-23,61,-21
2014-03-24,44,-32
2014-03-25,50,-32
2014-03-26,122,-60
2014-03-27,167,50
2014-03-28,111,50
2014-03-29,89,11
2014-03-30,189,-10
2014-03-31,206,89
2014-04-01,161,50
2014-04-02,128,78
2014-04-03,189,128
2014-04-04,150,56
2014-04-05,128,39
2014-04-06,156,39
2014-04-07,117,78
2014-04-08,172,72
2014-04-09,206,33
2014-04-10,289,128
2014-04-11,233,122
2014-04-12,283,139
2014-04-13,244,156
2014-04-14,156,17
2014-04-15,100,-5
2014-04-16,150,39
2014-04-17,200,72
2014-04-18,222,72
2014-04-19,244,89
2014-04-20,283,111
2014-04-21,244,161
2014-04-22,206,106
2014-04-23,189,83
2014-04-24,272,117
2014-04-25,250,100
2014-04-26,267,156
2014-04-27,272,161
2014-04-28,244,161
2014-04-29,194,122
2014-04-30,150,78
2014-05-01,133,61
2014-05-02,172,89
2014-05-03,250,139
2014-05-04,267,111
2014-05-05,311,139
2014-05-06,306,144
2014-05-07,300,217
2014-05-08,317,217
2014-05-09,272,178
2014-05-10,289,150
2014-05-11,311,172
2014-05-12,317,211
2014-05-13,211,117
2014-05-14,128,89
2014-05-15,178,83
2014-05-16,156,61
2014-05-17,183,56
2014-05-18,206,89
2014-05-19,261,128
2014-05-20,317,172
2014-05-21,317,217
2014-05-22,267,194
2014-05-23,278,183
2014-05-24,278,156
2014-05-25,261,178
2014-05-26,311,200
2014-05-27,306,194
2014-05-28,306,194
2014-05-29,300,211
2014-05-30,300,211
2014-05-31,317,206
2014-06-01,322,217
2014-06-02,294,239
2014-06-03,333,228
2014-06-04,294,200
2014-06-05,239,183
2014-06-06,289,178
2014-06-07,261,194
2014-06-08,250,178
2014-06-09,261,178
2014-06-10,267,178
2014-06-11,239,172
2014-06-12,278,167
2014-06-13,244,156
2014-06-14,272,133
2014-06-15,311,194
2014-06-16,333,239
2014-06-17,333,256
2014-06-18,344,250
2014-06-19,350,250
2014-06-20,333,239
2014-06-21,344,211
2014-06-22,306,211
2014-06-23,322,228
2014-06-24,311,222
2014-06-25,322,211
2014-06-26,333,222
2014-06-27,311,228
2014-06-28,322,233
2014-06-29,300,239
2014-06-30,344,244
2014-07-01,317,239
2014-07-02,256,167
2014-07-03,267,156
2014-07-04,289,172
2014-07-05,278,172
2014-07-06,333,222
2014-07-07,333,256
2014-07-08,311,200
2014-07-09,306,194
2014-07-10,294,178
2014-07-11,322,189
2014-07-12,361,267
2014-07-13,333,250
2014-07-14,322,194
2014-07-15,244,150
2014-07-16,261,150
2014-07-17,267,161
2014-07-18,278,183
2014-07-19,289,172
2014-07-20,306,183
2014-07-21,317,211
2014-07-22,339,228
2014-07-23,294,206
2014-07-24,278,161
2014-07-25,272,178
2014-07-26,372,228
2014-07-27,344,222
2014-07-28,272,167
2014-07-29,278,150
2014-07-30,300,178
2014-07-31,300,183
2014-08-01,306,200
2014-08-02,306,172
2014-08-03,317,183
2014-08-04,333,217
2014-08-05,317,217
2014-08-06,317,211
2014-08-07,244,217
2014-08-08,283,222
2014-08-09,278,211
2014-08-10,289,222
2014-08-11,306,211
2014-08-12,278,183
2014-08-13,278,161
2014-08-14,300,172
2014-08-15,306,194
2014-08-16,272,217
2014-08-17,267,222
2014-08-18,317,222
2014-08-19,317,228
2014-08-20,328,239
2014-08-21,356,239
2014-08-22,350,261
2014-08-23,372,267
2014-08-24,367,261
2014-08-25,378,272
2014-08-26,367,239
2014-08-27,350,233
2014-08-28,333,222
2014-08-29,339,239
2014-08-30,311,244
2014-08-31,339,228
2014-09-01,306,206
2014-09-02,289,211
2014-09-03,311,194
2014-09-04,361,239
2014-09-05,361,206
2014-09-06,239,172
2014-09-07,256,133
2014-09-08,283,144
2014-09-09,317,217
2014-09-10,317,194
2014-09-11,194,133
2014-09-12,156,111
2014-09-13,183,72
2014-09-14,228,83
2014-09-15,256,144
2014-09-16,194,122
2014-09-17,194,117
2014-09-18,239,156
2014-09-19,267,133
2014-09-20,306,183
2014-09-21,261,139
2014-09-22,239,117
2014-09-23,239,106
2014-09-24,261,117
2014-09-25,294,161
2014-09-26,289,178
2014-09-27,289,167
2014-09-28,300,156
2014-09-29,311,161
2014-09-30,306,161
2014-10-01,311,167
2014-10-02,250,189
2014-10-03,189,78
2014-10-04,144,56
2014-10-05,239,67
2014-10-06,233,144
2014-10-07,256,122
2014-10-08,256,106
2014-10-09,172,139
2014-10-10,150,111
2014-10-11,139,89
2014-10-12,172,111
2014-10-13,217,161
2014-10-14,172,122
2014-10-15,144,106
2014-10-16,228,83
2014-10-17,206,111
2014-10-18,183,78
2014-10-19,178,50
2014-10-20,233,111
2014-10-21,200,89
2014-10-22,172,61
2014-10-23,183,56
2014-10-24,239,106
2014-10-25,278,139
2014-10-26,256,111
2014-10-27,289,172
2014-10-28,222,100
2014-10-29,150,61
2014-10-30,167,39
2014-10-31,94,17
2014-11-01,100,-5
2014-11-02,111,-5
2014-11-03,222,83
2014-11-04,172,78
2014-11-05,172,67
2014-11-06,117,33
2014-11-07,128,-10
2014-11-08,122,28
2014-11-09,178,11
2014-11-10,228,67
2014-11-11,172,6
2014-11-12,17,-27
2014-11-13,0,-55
2014-11-14,22,-71
2014-11-15,39,-49
2014-11-16,17,-38
2014-11-17,-27,-77
2014-11-18,-16,-99
2014-11-19,72,-38
2014-11-20,44,-60
2014-11-21,61,-55
2014-11-22,156,61
2014-11-23,139,117
2014-11-24,139,17
2014-11-25,56,-27
2014-11-26,22,-27
2014-11-27,17,-43
2014-11-28,111,-32
2014-11-29,189,67
2014-11-30,222,-10
2014-12-01,11,-38
2014-12-02,28,-21
2014-12-03,89,0
2014-12-04,50,11
2014-12-05,83,50
2014-12-06,61,6
2014-12-07,56,-16
2014-12-08,94,39
2014-12-09,44,11
2014-12-10,28,6
2014-12-11,56,0
2014-12-12,106,0
2014-12-13,133,22
2014-12-14,172,94
2014-12-15,117,72
2014-12-16,72,0
2014-12-17,39,-5
2014-12-18,28,-10
2014-12-19,39,0
2014-12-20,61,22
2014-12-21,72,50
2014-12-22,111,44
2014-12-23,106,39
2014-12-24,61,33
2014-12-25,122,17
2014-12-26,167,33
2014-12-27,100,11
2014-12-28,33,-32
2014-12-29,44,-60
2014-12-30,6,-71
2014-12-31,-16,-105
2015-01-01,50,-43
2015-01-02,50,17
2015-01-03,56,28
2015-01-04,44,-88
2015-01-05,-32,-110
2015-01-06,-10,-55
2015-01-07,-55,-155
2015-01-08,0,-160
2015-01-09,0,-105
2015-01-10,11,-121
2015-01-11,33,0
2015-01-12,22,-93
2015-01-13,-21,-105
2015-01-14,-10,-105
2015-01-15,83,-66
2015-01-16,117,-43
2015-01-17,172,-5
2015-01-18,144,22
2015-01-19,133,-10
2015-01-20,106,-10
2015-01-21,89,-16
2015-01-22,28,-27
2015-01-23,50,-16
2015-01-24,128,-10
2015-01-25,111,-5
2015-01-26,56,-38
2015-01-27,78,-16
2015-01-28,111,-21
2015-01-29,122,22
2015-01-30,50,-21
2015-01-31,83,0
2015-02-01,56,-55
2015-02-02,-16,-77
2015-02-03,100,-49
2015-02-04,50,-88
2015-02-05,-21,-138
2015-02-06,122,-49
2015-02-07,217,11
2015-02-08,200,50
2015-02-09,50,-5
2015-02-10,67,-21
2015-02-11,56,-16
2015-02-12,-16,-105
2015-02-13,56,-71
2015-02-14,33,-110
2015-02-15,-66,-116
2015-02-16,-60,-132
2015-02-17,17,-121
2015-02-18,-55,-143
2015-02-19,-77,-171
2015-02-20,-21,-110
2015-02-21,50,-21
2015-02-22,22,-105
2015-02-23,-88,-149
2015-02-24,61,-110
2015-02-25,72,-55
2015-02-26,6,-127
2015-02-27,-66,-166
2015-02-28,-21,-93
2015-03-01,0,-71
2015-03-02,17,-105
2015-03-03,89,0
2015-03-04,28,-66
2015-03-05,-32,-93
2015-03-06,106,-93
2015-03-07,194,39
2015-03-08,172,17
2015-03-09,144,11
2015-03-10,139,56
2015-03-11,239,22
2015-03-12,200,50
2015-03-13,122,89
2015-03-14,172,72
2015-03-15,233,33
2015-03-16,283,83
2015-03-17,200,50
2015-03-18,83,39
2015-03-19,106,44
2015-03-20,139,56
2015-03-21,206,56
2015-03-22,183,72
2015-03-23,200,28
2015-03-24,83,11
2015-03-25,156,78
2015-03-26,106,33
2015-03-27,67,-10
2015-03-28,78,-21
2015-03-29,161,17
2015-03-30,222,33
2015-03-31,250,100
2015-04-01,256,100
2015-04-02,239,161
2015-04-03,161,56
2015-04-04,172,0
2015-04-05,206,61
2015-04-06,194,133
2015-04-07,228,167
2015-04-08,250,172
2015-04-09,289,117
2015-04-10,217,72
2015-04-11,200,61
2015-04-12,250,122
2015-04-13,217,150
2015-04-14,206,133
2015-04-15,211,122
2015-04-16,261,111
2015-04-17,267,144
2015-04-18,261,150
2015-04-19,194,139
2015-04-20,144,89
2015-04-21,200,83
2015-04-22,150,61
2015-04-23,189,33
2015-04-24,194,72
2015-04-25,217,100
2015-04-26,178,89
2015-04-27,194,56
2015-04-28,211,61
2015-04-29,244,78
2015-04-30,222,100
2015-05-01,222,67
2015-05-02,267,128
2015-05-03,294,178
2015-05-04,300,200
2015-05-05,294,194
2015-05-06,306,194
2015-05-07,300,200
2015-05-08,250,189
2015-05-09,228,183
2015-05-10,289,189
2015-05-11,239,139
2015-05-12,211,111
2015-05-13,217,100
2015-05-14,250,144
2015-05-15,294,194
2015-05-16,261,206
2015-05-17,283,189
2015-05-18,294,150
2015-05-19,194,89
2015-05-20,139,89
2015-05-21,194,78
2015-05-22,244,117
2015-05-23,261,172
2015-05-24,306,183
2015-05-25,300,211
2015-05-26,272,200
2015-05-27,294,200
2015-05-28,300,167
2015-05-29,300,217
2015-05-30,239,150
2015-05-31,156,122
2015-06-01,194,139
2015-06-02,233,150
2015-06-03,250,156
2015-06-04,256,194
2015-06-05,306,200
2015-06-06,294,167
2015-06-07,344,222
2015-06-08,306,211
2015-06-09,333,200
2015-06-10,350,228
2015-06-11,339,228
2015-06-12,339,239
2015-06-13,322,239
2015-06-14,283,233
2015-06-15,322,233
2015-06-16,289,228
2015-06-17,267,228
2015-06-18,272,228
2015-06-19,244,222
2015-06-20,322,217
2015-06-21,317,211
2015-06-22,339,244
2015-06-23,311,217
2015-06-24,306,206
2015-06-25,350,217
2015-06-26,283,211
2015-06-27,278,194
2015-06-28,289,189
2015-06-29,294,211
2015-06-30,300,211
2015-07-01,306,222
2015-07-02,256,183
2015-07-03,283,194
2015-07-04,289,200
2015-07-05,317,194
2015-07-06,322,233
2015-07-07,272,189
2015-07-08,233,156
2015-07-09,261,172
2015-07-10,267,194
2015-07-11,344,228
2015-07-12,356,233
2015-07-13,372,267
2015-07-14,361,267
2015-07-15,306,222
2015-07-16,333,239
2015-07-17,350,272
2015-07-18,344,289
2015-07-19,306,228
2015-07-20,294,228
2015-07-21,294,222
2015-07-22,294,206
2015-07-23,311,222
2015-07-24,333,217
2015-07-25,333,261
2015-07-26,322,228
2015-07-27,361,256
2015-07-28,378,244
2015-07-29,328,228
2015-07-30,333,206
2015-07-31,344,217
2015-08-01,333,228
2015-08-02,356,244
2015-08-03,344,244
2015-08-04,333,239
2015-08-05,289,222
2015-08-06,300,217
2015-08-07,311,200
2015-08-08,328,228
2015-08-09,328,233
2015-08-10,322,233
2015-08-11,306,217
2015-08-12,311,206
2015-08-13,317,200
2015-08-14,322,228
2015-08-15,328,222
2015-08-16,328,228
2015-08-17,328,239
2015-08-18,328,206
2015-08-19,233,172
2015-08-20,283,156
2015-08-21,283,172
2015-08-22,256,183
2015-08-23,272,183
2015-08-24,272,139
2015-08-25,267,144
2015-08-26,267,150
2015-08-27,267,150
2015-08-28,283,172
2015-08-29,289,222
2015-08-30,317,228
2015-08-31,328,239
2015-09-01,339,239
2015-09-02,344,239
2015-09-03,344,244
2015-09-04,356,244
2015-09-05,339,233
2015-09-06,356,244
2015-09-07,328,250
2015-09-08,328,211
2015-09-09,300,222
2015-09-10,311,206
2015-09-11,250,150
2015-09-12,211,122
2015-09-13,239,106
2015-09-14,283,156
2015-09-15,294,156
2015-09-16,306,167
2015-09-17,328,217
2015-09-18,333,244
2015-09-19,272,150
2015-09-20,244,139
2015-09-21,261,133
2015-09-22,283,150
2015-09-23,294,150
2015-09-24,294,156
2015-09-25,300,156
2015-09-26,250,167
2015-09-27,250,200
2015-09-28,289,189
2015-09-29,261,172
2015-09-30,222,133
2015-10-01,206,94
2015-10-02,211,94
2015-10-03,156,83
2015-10-04,156,100
2015-10-05,222,122
2015-10-06,250,161
2015-10-07,239,167
2015-10-08,294,150
2015-10-09,211,122
2015-10-10,217,100
2015-10-11,272,122
2015-10-12,272,178
2015-10-13,233,117
2015-10-14,244,94
2015-10-15,272,100
2015-10-16,183,72
2015-10-17,133,44
2015-10-18,172,22
2015-10-19,261,100
2015-10-20,272,133
2015-10-21,300,150
2015-10-22,283,161
2015-10-23,244,178
2015-10-24,217,111
2015-10-25,178,83
2015-10-26,211,72
2015-10-27,167,128
2015-10-28,161,83
2015-10-29,144,50
2015-10-30,144,33
2015-10-31,167,100
2015-11-01,222,83
2015-11-02,217,78
2015-11-03,189,117
2015-11-04,211,150
2015-11-05,206,156
2015-11-06,200,89
2015-11-07,150,50
2015-11-08,139,22
2015-11-09,156,17
2015-11-10,183,17
2015-11-11,200,100
2015-11-12,161,78
2015-11-13,156,33
2015-11-14,217,17
2015-11-15,200,67
2015-11-16,139,100
2015-11-17,206,122
2015-11-18,189,100
2015-11-19,133,22
2015-11-20,122,6
2015-11-21,83,-38
2015-11-22,61,-49
2015-11-23,161,17
2015-11-24,183,17
2015-11-25,156,50
2015-11-26,222,150
2015-11-27,189,44
2015-11-28,44,28
2015-11-29,56,39
2015-11-30,89,44
2015-12-01,117,22
2015-12-02,72,11
2015-12-03,94,0
2015-12-04,122,-10
2015-12-05,122,-16
2015-12-06,111,0
2015-12-07,100,33
2015-12-08,172,39
2015-12-09,161,72
2015-12-10,211,50
2015-12-11,172,11
2015-12-12,222,117
2015-12-13,200,144
2015-12-14,144,72
2015-12-15,94,67
2015-12-16,156,22
2015-12-17,33,0
2015-12-18,56,-16
2015-12-19,83,-32
2015-12-20,139,56
2015-12-21,194,67
2015-12-22,122,50
2015-12-23,178,67
2015-12-24,111,17
2015-12-25,111,33
2015-12-26,122,67
2015-12-27,83,33
2015-12-28,89,28
2015-12-29,28,0
